user_id,username,,,,user_engagement,,posts_count,,likes_count,,comments_count
1,Kenton_Kirlin,,,,5,,5,,0,,0
7,Kasandra_Homenick,,,,0,,0,,0,,0
18,Odessa2,,,,136,,1,,82,,53
23,Eveline95,,,,12,,12,,0,,0
25,Tierra.Trantow,,,,0,,0,,0,,0
29,Jaime53,,,,8,,8,,0,,0
34,Pearl7,,,,0,,0,,0,,0
45,David.Osinski47,,,,0,,0,,0,,0
48,Granville_Kutch,,,,131,,1,,75,,55
49,Morgan.Kassulke,,,,0,,0,,0,,0
51,Mariano_Koch3,,,,5,,5,,0,,0
53,Linnea59,,,,0,,0,,0,,0
58,Aurelie71,,,,8,,8,,0,,0
59,Cesar93,,,,10,,10,,0,,0
64,Florence99,,,,5,,5,,0,,0
68,Franco_Keebler64,,,,0,,0,,0,,0
74,Hulda.Macejkovic,,,,0,,0,,0,,0
77,Donald.Fritsch,,,,6,,6,,0,,0
80,Darby_Herzog,,,,0,,0,,0,,0
81,Esther.Zulauf61,,,,0,,0,,0,,0
83,Bartholome.Bernhard,,,,0,,0,,0,,0
86,Delfina_VonRueden68,,,,9,,9,,0,,0
88,Clint27,,,,11,,11,,0,,0
89,Jessyca_West,,,,0,,0,,0,,0
90,Esmeralda.Mraz57,,,,0,,0,,0,,0
