user_id,tag_name,tags_count,,,,,,,,
88,beach,6,,,,,,,,
88,beauty,2,,,,,,,,
65,beauty,2,,,,,,,,
16,beauty,2,,,,,,Row Labels,Count of user_id,Sum of tags_count
9,beauty,2,,,,,,beach,1,6
77,concert,2,,,,,,beauty,4,8
78,concert,2,,,,,,concert,3,6
30,concert,2,,,,,,delicious,2,4
11,delicious,2,,,,,,dreamy,1,4
10,delicious,2,,,,,,drunk,2,4
88,dreamy,4,,,,,,fashion,4,8
77,drunk,2,,,,,,food,4,8
2,drunk,2,,,,,,foodie,1,2
58,fashion,2,,,,,,fun,2,6
23,fashion,2,,,,,,hair,1,3
33,fashion,2,,,,,,happy,2,4
63,fashion,2,,,,,,landscape,1,2
65,food,2,,,,,,lol,1,3
59,food,2,,,,,,party,10,20
11,food,2,,,,,,photography,2,4
10,food,2,,,,,,smile,1,5
11,foodie,2,,,,,,stunning,1,3
2,fun,3,,,,,,style,2,4
59,fun,3,,,,,,sunrise,1,3
23,hair,3,,,,,,sunset,1,3
23,happy,2,,,,,,Grand Total,47,110
51,happy,2,,,,,,,,
88,landscape,2,,,,,,,,
23,lol,3,,,,,,,,
2,party,2,,,,,,,,
29,party,2,,,,,,,,
44,party,2,,,,,,,,
58,party,2,,,,,,,,
59,party,2,,,,,,,,
63,party,2,,,,,,,,
78,party,2,,,,,,,,
30,party,2,,,,,,,,
1,party,2,,,,,,,,
32,party,2,,,,,,,,
88,photography,2,,,,,,,,
82,photography,2,,,,,,,,
23,smile,5,,,,,,,,
9,stunning,3,,,,,,,,
58,style,2,,,,,,,,
33,style,2,,,,,,,,
88,sunrise,3,,,,,,,,
88,sunset,3,,,,,,,,
